일자,계(명),국내발생(명),해외유입(명),사망(명),,열2,열3,열4,열5,,
2020.1.20,1 ,-,1 ,-,,,,,,,
2020.1.21,0 ,-,-,-,,,,,,,
2020.1.22,0 ,-,-,-,,,,,,,
2020.1.23,0 ,-,-,-,,,,,,,
2020.1.24,1 ,-,1 ,-,,,,,,,
2020.1.25,0 ,-,-,-,,,,,,,
2020.1.26,1 ,-,1 ,-,,,,,,,
2020.1.27,1 ,-,1 ,-,,,,,,,
2020.1.28,0 ,-,-,-,,,,,,,
2020.1.29,0 ,-,-,-,,,,,,,
2020.1.30,3 ,1 ,2 ,-,,,,,,,
2020.1.31,4 ,3 ,1 ,-,,,,,,,
2020.2.1,1 ,-,1 ,-,,,,,,,
2020.2.2,3 ,1 ,2 ,-,,,,,,,
2020.2.3,0 ,-,-,-,,,,,,,
2020.2.4,1 ,-,1 ,-,,,,,,,
2020.2.5,5 ,3 ,2 ,-,,,,,,,
2020.2.6,3 ,1 ,2 ,-,,,,,,,
2020.2.7,0 ,-,-,-,,,,,,,
2020.2.8,0 ,-,-,-,,,,,,,
2020.2.9,3 ,1 ,2 ,-,,,,,,,
2020.2.10,1 ,1 ,-,-,,,,,,,
2020.2.11,0 ,-,-,-,,,,,,,
2020.2.12,0 ,-,-,-,,,,,,,
2020.2.13,0 ,-,-,-,,,,,,,
2020.2.14,0 ,-,-,-,,,,,,,
2020.2.15,0 ,-,-,-,,,,,,,
2020.2.16,2 ,2 ,-,-,,,,,,,
2020.2.17,0 ,-,-,-,,,,,,,
2020.2.18,2 ,2 ,-,-,,,,,,,
2020.2.19,34 ,34 ,-,-,,,,,,,
2020.2.20,16 ,16 ,-,1,,,,,,,
2020.2.21,74 ,74 ,-,-,,,,,,,
2020.2.22,190 ,190 ,-,2,,,,,,,
2020.2.23,210 ,209 ,1 ,-,,,,,,,
2020.2.24,207 ,206 ,1 ,4,,,,,,,
2020.2.25,130 ,129 ,1 ,1,,,,,,,
2020.2.26,253 ,252 ,1 ,3,,,,,,,
2020.2.27,449 ,447 ,2 ,1,,,,,,,
2020.2.28,427 ,427 ,-,1,,,,,,,
2020.2.29,909 ,909 ,-,3,,,,,,,
2020.3.1,595 ,593 ,2 ,1,,,,,,,
2020.3.2,686 ,684 ,2 ,6,,,,,,,
2020.3.3,600 ,599 ,1 ,5,,,,,,,
2020.3.4,516 ,516 ,-,4,,,,,,,
2020.3.5,438 ,437 ,1 ,3,,,,,,,
2020.3.6,518 ,518 ,-,7,,,,,,,
2020.3.7,483 ,483 ,-,2,,,,,,,
2020.3.8,367 ,366 ,1 ,6,,,,,,,
2020.3.9,248 ,247 ,1 ,1,,,,,,,
2020.3.10,131 ,131 ,-,3,,,,,,,
2020.3.11,242 ,239 ,3 ,6,,,,,,,
2020.3.12,114 ,112 ,2 ,6,,,,,,,
2020.3.13,110 ,107 ,3 ,1,,,,,,,
2020.3.14,107 ,102 ,5 ,5,,,,,,,
2020.3.15,76 ,72 ,4 ,3,,,,,,,
2020.3.16,74 ,70 ,4 ,-,,,,,,,
2020.3.17,84 ,79 ,5 ,6,,,,,,,
2020.3.18,93 ,80 ,13 ,3,,,,,,,
2020.3.19,152 ,135 ,17 ,7,,,,,,,
2020.3.20,87 ,73 ,14 ,3,,,,,,,
2020.3.21,147 ,126 ,21 ,8,,,,,,,
2020.3.22,98 ,77 ,21 ,2,,,,,,,
2020.3.23,64 ,46 ,18 ,7,,,,,,,
2020.3.24,76 ,46 ,30 ,9,,,,,,,
2020.3.25,100 ,42 ,58 ,6,,,,,,,
2020.3.26,104 ,56 ,48 ,5,,,,,,,
2020.3.27,91 ,57 ,34 ,8,,,,,,,
2020.3.28,146 ,90 ,56 ,5,,,,,,,
2020.3.29,105 ,38 ,67 ,8,,,,,,,
2020.3.30,78 ,35 ,43 ,6,,,,,,,
2020.3.31,125 ,88 ,37 ,4,,,,,,,
2020.4.1,101 ,56 ,45 ,3,,,,,,,
2020.4.2,89 ,43 ,46 ,4,,,,,,,
2020.4.3,86 ,37 ,49 ,5,,,,,,,
2020.4.4,94 ,53 ,41 ,3,,,,,,,
2020.4.5,81 ,31 ,50 ,6,,,,,,,
2020.4.6,47 ,25 ,22 ,3,,,,,,,
2020.4.7,47 ,23 ,24 ,6,,,,,,,
2020.4.8,53 ,23 ,30 ,8,,,,,,,
2020.4.9,39 ,13 ,26 ,4,,,,,,,
2020.4.10,27 ,17 ,10 ,4,,,,,,,
2020.4.11,30 ,16 ,14 ,3,,,,,,,
2020.4.12,32 ,9 ,23 ,3,,,,,,,
2020.4.13,25 ,10 ,15 ,3,,,,,,,
2020.4.14,27 ,11 ,16 ,5,,,,,,,
2020.4.15,27 ,13 ,14 ,3,,,,,,,
2020.4.16,22 ,11 ,11 ,4,,,,,,,
2020.4.17,22 ,7 ,15 ,1,,,,,,,
2020.4.18,18 ,9 ,9 ,2,,,,,,,
2020.4.19,8 ,2 ,6 ,2,,,,,,,
2020.4.20,13 ,6 ,7 ,2,,,,,,,
2020.4.21,9 ,4 ,5 ,1,,,,,,,
2020.4.22,11 ,5 ,6 ,1,,,,,,,
2020.4.23,8 ,4 ,4 ,2,,,,,,,
2020.4.24,6 ,4 ,2 ,-,,,,,,,
2020.4.25,10 ,5 ,5 ,-,,,,,,,
2020.4.26,10 ,1 ,9 ,2,,,,,,,
2020.4.27,10 ,3 ,7 ,1,,,,,,,
2020.4.28,14 ,2 ,12 ,1,,,,,,,
2020.4.29,9 ,4 ,5 ,2,,,,,,,
2020.4.30,4 ,-,4 ,1,,,,,,,
2020.5.1,9 ,1 ,8 ,1,,,,,,,
2020.5.2,6 ,-,6 ,2,,,,,,,
2020.5.3,13 ,3 ,10 ,-,,,,,,,
2020.5.4,8 ,-,8 ,2,,,,,,,
2020.5.5,3 ,-,3 ,2,,,,,,,
2020.5.6,2 ,-,2 ,1,,,,,,,
2020.5.7,4 ,1 ,3 ,1,,,,,,,
2020.5.8,12 ,1 ,11 ,-,,,,,,,
2020.5.9,18 ,17 ,1 ,-,,,,,,,
2020.5.10,34 ,26 ,8 ,-,,,,,,,
2020.5.11,35 ,29 ,6 ,-,,,,,,,
2020.5.12,27 ,22 ,5 ,2,,,,,,,
2020.5.13,26 ,22 ,4 ,1,,,,,,,
2020.5.14,29 ,26 ,3 ,1,,,,,,,
2020.5.15,27 ,22 ,5 ,-,,,,,,,
2020.5.16,19 ,9 ,10 ,2,,,,,,,
2020.5.17,13 ,6 ,7 ,-,,,,,,,
2020.5.18,15 ,5 ,10 ,1,,,,,,,
2020.5.19,13 ,9 ,4 ,-,,,,,,,
2020.5.20,32 ,24 ,8 ,-,,,,,,,
2020.5.21,12 ,10 ,2 ,1,,,,,,,
2020.5.22,20 ,11 ,9 ,-,,,,,,,
2020.5.23,23 ,19 ,4 ,2,,,,,,,
2020.5.24,25 ,17 ,8 ,-,,,,,,,
2020.5.25,16 ,13 ,3 ,1,,,,,,,
2020.5.26,19 ,16 ,3 ,2,,,,,,,
2020.5.27,40 ,37 ,3 ,-,,,,,,,
2020.5.28,79 ,68 ,11 ,-,,,,,,,
2020.5.29,58 ,55 ,3 ,-,,,,,,,
2020.5.30,39 ,27 ,12 ,-,,,,,,,
2020.5.31,27 ,15 ,12 ,1,,,,,,,
2020.6.1,35 ,30 ,5 ,1,,,,,,,
2020.6.2,38 ,36 ,2 ,1,,,,,,,
2020.6.3,49 ,46 ,3 ,1,,,,,,,
2020.6.4,39 ,33 ,6 ,-,,,,,,,
2020.6.5,39 ,34 ,5 ,-,,,,,,,
2020.6.6,51 ,43 ,8 ,-,,,,,,,
2020.6.7,57 ,53 ,4 ,-,,,,,,,
2020.6.8,37 ,32 ,5 ,-,,,,,,,
2020.6.9,38 ,35 ,3 ,1,,,,,,,
2020.6.10,50 ,43 ,7 ,2,,,,,,,
2020.6.11,45 ,40 ,5 ,-,,,,,,,
2020.6.12,56 ,43 ,13 ,1,,,,,,,
2020.6.13,48 ,43 ,5 ,-,,,,,,,
2020.6.14,34 ,31 ,3 ,-,,,,,,,
2020.6.15,37 ,24 ,13 ,-,,,,,,,
2020.6.16,34 ,21 ,13 ,1,,,,,,,
2020.6.17,43 ,31 ,12 ,1,,,,,,,
2020.6.18,59 ,51 ,8 ,1,,,,,,,
2020.6.19,49 ,32 ,17 ,-,,,,,,,
2020.6.20,67 ,36 ,31 ,-,,,,,,,
2020.6.21,48 ,40 ,8 ,-,,,,,,,
2020.6.22,17 ,11 ,6 ,-,,,,,,,
2020.6.23,46 ,16 ,30 ,1,,,,,,,
2020.6.24,51 ,30 ,21 ,-,,,,,,,
2020.6.25,28 ,23 ,5 ,1,,,,,,,
2020.6.26,39 ,26 ,13 ,-,,,,,,,
2020.6.27,51 ,31 ,20 ,-,,,,,,,
2020.6.28,62 ,40 ,22 ,-,,,,,,,
2020.6.29,42 ,30 ,12 ,-,,,,,,,
2020.6.30,42 ,22 ,20 ,-,,,,,,,
2020.7.1,51 ,36 ,15 ,-,,,,,,,
2020.7.2,54 ,44 ,10 ,-,,,,,,,
2020.7.3,61 ,49 ,12 ,-,,,,,,,
2020.7.4,63 ,36 ,27 ,1,,,,,,,
2020.7.5,61 ,43 ,18 ,-,,,,,,,
2020.7.6,48 ,24 ,24 ,1,,,,,,,
2020.7.7,44 ,20 ,24 ,1,,,,,,,
2020.7.8,62 ,30 ,32 ,-,,,,,,,
2020.7.9,50 ,28 ,22 ,2,,,,,,,
2020.7.10,45 ,23 ,22 ,1,,,,,,,
2020.7.11,35 ,20 ,15 ,-,,,,,,,
2020.7.12,44 ,21 ,23 ,1,,,,,,,
2020.7.13,62 ,19 ,43 ,-,,,,,,,
2020.7.14,33 ,14 ,19 ,-,,,,,,,
2020.7.15,39 ,11 ,28 ,-,,,,,,,
2020.7.16,61 ,14 ,47 ,2,,,,,,,
2020.7.17,60 ,21 ,39 ,2,,,,,,,
2020.7.18,39 ,11 ,28 ,1,,,,,,,
2020.7.19,34 ,21 ,13 ,1,,,,,,,
2020.7.20,26 ,4 ,22 ,1,,,,,,,
2020.7.21,45 ,20 ,25 ,-,,,,,,,
2020.7.22,63 ,29 ,34 ,1,,,,,,,
2020.7.23,59 ,39 ,20 ,-,,,,,,,
2020.7.24,41 ,28 ,13 ,1,,,,,,,
2020.7.25,113 ,27 ,86 ,-,,,,,,,
2020.7.26,58 ,12 ,46 ,-,,,,,,,
2020.7.27,25 ,9 ,16 ,1,,,,,,,
2020.7.28,28 ,5 ,23 ,1,,,,,,,
2020.7.29,48 ,14 ,34 ,-,,,,,,,
2020.7.30,18 ,7 ,11 ,-,,,,,,,
2020.7.31,36 ,14 ,22 ,1,,,,,,,
2020.8.1,31 ,8 ,23 ,-,,,,,,,
2020.8.2,30 ,8 ,22 ,-,,,,,,,
2020.8.3,23 ,3 ,20 ,-,,,,,,,
2020.8.4,34 ,13 ,21 ,-,,,,,,,
2020.8.5,33 ,13 ,20 ,1,,,,,,,
2020.8.6,43 ,23 ,20 ,-,,,,,,,
2020.8.7,20 ,9 ,11 ,1,,,,,,,
2020.8.8,43 ,30 ,13 ,1,,,,,,,
2020.8.9,36 ,30 ,6 ,1,,,,,,,
2020.8.10,28 ,17 ,11 ,-,,,,,,,
2020.8.11,34 ,23 ,11 ,-,,,,,,,
2020.8.12,54 ,35 ,19 ,-,,,,,,,
2020.8.13,56 ,47 ,9 ,-,,,,,,,
2020.8.14,103 ,85 ,18 ,-,,,,,,,
2020.8.15,166 ,154 ,12 ,-,,,,,,,
2020.8.16,279 ,267 ,12 ,-,,,,,,,
2020.8.17,197 ,188 ,9 ,-,,,,,,,
2020.8.18,246 ,235 ,11 ,1,,,,,,,
2020.8.19,297 ,283 ,14 ,-,,,,,,,
2020.8.20,288 ,276 ,12 ,1,,,,,,,
2020.8.21,324 ,315 ,9 ,2,,,,,,,
2020.8.22,332 ,315 ,17 ,-,,,,,,,
2020.8.23,396 ,386 ,10 ,-,,,,,,,
2020.8.24,266 ,258 ,8 ,-,,,,,,,
2020.8.25,280 ,264 ,16 ,1,,,,,,,
2020.8.26,320 ,307 ,13 ,2,,,,,,,
2020.8.27,441 ,434 ,7 ,1,,,,,,,
2020.8.28,371 ,359 ,12 ,3,,,,,,,
2020.8.29,323 ,308 ,15 ,5,,,,,,,
2020.8.30,299 ,283 ,16 ,2,,,,,,,
2020.8.31,248 ,238 ,10 ,1,,,,,,,
2020.9.1,235 ,221 ,14 ,-,,,,,,,
2020.9.2,267 ,253 ,14 ,2,,,,,,,
2020.9.3,195 ,188 ,7 ,3,,,,,,,
2020.9.4,198 ,188 ,10 ,2,,,,,,,
2020.9.5,168 ,158 ,10 ,2,,,,,,,
2020.9.6,167 ,152 ,15 ,1,,,,,,,
2020.9.7,119 ,107 ,12 ,2,,,,,,,
2020.9.8,136 ,120 ,16 ,5,,,,,,,
2020.9.9,156 ,144 ,12 ,3,,,,,,,
2020.9.10,155 ,140 ,15 ,2,,,,,,,
2020.9.11,176 ,161 ,15 ,4,,,,,,,
2020.9.12,136 ,118 ,18 ,5,,,,,,,
2020.9.13,121 ,99 ,22 ,3,,,,,,,
2020.9.14,109 ,98 ,11 ,5,,,,,,,
2020.9.15,106 ,90 ,16 ,4,,,,,,,
2020.9.16,113 ,105 ,8 ,-,,,,,,,
2020.9.17,153 ,145 ,8 ,5,,,,,,,
2020.9.18,126 ,109 ,17 ,5,,,,,,,
2020.9.19,110 ,106 ,4 ,1,,,,,,,
2020.9.20,82 ,72 ,10 ,5,,,,,,,
2020.9.21,70 ,55 ,15 ,2,,,,,,,
2020.9.22,61 ,50 ,11 ,3,,,,,,,
2020.9.23,110 ,99 ,11 ,-,,,,,,,
2020.9.24,125 ,109 ,16 ,5,,,,,,,
2020.9.25,114 ,95 ,19 ,2,,,,,,,
2020.9.26,61 ,49 ,12 ,4,,,,,,,
2020.9.27,95 ,73 ,22 ,2,,,,,,,
2020.9.28,50 ,40 ,10 ,5,,,,,,,
2020.9.29,38 ,23 ,15 ,1,,,,,,,
2020.9.30,113 ,94 ,19 ,6,,,,,,,
2020.10.1,77 ,67 ,10 ,2,,,,,,,
2020.10.2,63 ,53 ,10 ,1,,,,,,,
2020.10.3,75 ,52 ,23 ,4,,,,,,,
2020.10.4,64 ,47 ,17 ,1,,,,,,,
2020.10.5,73 ,64 ,9 ,1,,,,,,,
2020.10.6,75 ,66 ,9 ,-,,,,,,,
2020.10.7,114 ,94 ,20 ,3,,,,,,,
2020.10.8,69 ,60 ,9 ,2,,,,,,,
2020.10.9,54 ,38 ,16 ,1,,,,,,,
2020.10.10,72 ,61 ,11 ,2,,,,,,,
2020.10.11,58 ,46 ,12 ,2,,,,,,,
2020.10.12,98 ,69 ,29 ,1,,,,,,,
2020.10.13,91 ,69 ,22 ,1,,,,,,,
2020.10.14,84 ,53 ,31 ,4,,,,,,,
2020.10.15,110 ,95 ,15 ,1,,,,,,,
2020.10.16,47 ,41 ,6 ,2,,,,,,,
2020.10.17,73 ,62 ,11 ,2,,,,,,,
2020.10.18,91 ,71 ,20 ,1,,,,,,,
2020.10.19,76 ,50 ,26 ,-,,,,,,,
2020.10.20,58 ,41 ,17 ,3,,,,,,,
2020.10.21,89 ,57 ,32 ,3,,,,,,,
2020.10.22,121 ,104 ,17 ,3,,,,,,,
2020.10.23,155 ,138 ,17 ,2,,,,,,,
2020.10.24,77 ,66 ,11 ,2,,,,,,,
2020.10.25,61 ,50 ,11 ,-,,,,,,,
2020.10.26,119 ,94 ,25 ,-,,,,,,,
2020.10.27,88 ,72 ,16 ,3,,,,,,,
2020.10.28,103 ,96 ,7 ,1,,,,,,,
2020.10.29,125 ,107 ,18 ,1,,,,,,,
2020.10.30,113 ,93 ,20 ,1,,,,,,,
2020.10.31,127 ,96 ,31 ,1,,,,,,,
2020.11.1,124 ,101 ,23 ,2,,,,,,,
2020.11.2,97 ,79 ,18 ,2,,,,,,,
2020.11.3,75 ,46 ,29 ,4,,,,,,,
2020.11.4,117 ,98 ,19 ,2,,,,,,,
2020.11.5,125 ,108 ,17 ,1,,,,,,,
2020.11.6,145 ,117 ,28 ,1,,,,,,,
2020.11.7,89 ,72 ,17 ,1,,,,,,,
2020.11.8,143 ,118 ,25 ,1,,,,,,,
2020.11.9,126 ,99 ,27 ,2,,,,,,,
2020.11.10,100 ,71 ,29 ,5,,,,,,,
2020.11.11,145 ,113 ,32 ,2,,,,,,,
2020.11.12,143 ,128 ,15 ,-,,,,,,,
2020.11.13,191 ,162 ,29 ,1,,,,,,,
2020.11.14,205 ,166 ,39 ,4,,,,,,,
2020.11.15,208 ,176 ,32 ,1,,,,,,,
2020.11.16,222 ,192 ,30 ,1,,,,,,,
2020.11.17,230 ,202 ,28 ,-,,,,,,,
2020.11.18,285 ,245 ,40 ,2,,,,,,,
2020.11.19,325 ,293 ,32 ,2,,,,,,,
2020.11.20,348 ,320 ,28 ,3,,,,,,,
2020.11.21,386 ,361 ,25 ,2,,,,,,,
2020.11.22,330 ,302 ,28 ,2,,,,,,,
2020.11.23,271 ,255 ,16 ,4,,,,,,,
2020.11.24,349 ,318 ,31 ,1,,,,,,,
2020.11.25,382 ,363 ,19 ,3,,,,,,,
2020.11.26,581 ,552 ,29 ,2,,,,,,,
2020.11.27,555 ,525 ,30 ,1,,,,,,,
2020.11.28,503 ,486 ,17 ,6,,,,,,,
2020.11.29,450 ,413 ,37 ,1,,,,,,,
2020.11.30,438 ,414 ,24 ,3,,,,,,,
2020.12.1,451 ,420 ,31 ,-,,,,,,,
2020.12.2,511 ,492 ,19 ,-,,,,,,,
2020.12.3,540 ,516 ,24 ,3,,,,,,,
2020.12.4,628 ,600 ,28 ,7,,,,,,,
2020.12.5,577 ,559 ,18 ,4,,,,,,,
2020.12.6,631 ,599 ,32 ,5,,,,,,,
2020.12.7,615 ,580 ,35 ,4,,,,,,,
2020.12.8,587 ,561 ,26 ,3,,,,,,,
2020.12.9,670 ,646 ,24 ,4,,,,,,,
2020.12.10,680 ,643 ,37 ,8,,,,,,,
2020.12.11,689 ,673 ,16 ,8,,,,,,,
2020.12.12,950 ,928 ,22 ,6,,,,,,,
2020.12.13,"1,030 ","1,000 ",30 ,2,,,,,,,
2020.12.14,718 ,682 ,36 ,7,,,,,,,
2020.12.15,880 ,848 ,32 ,13,,,,,,,
2020.12.16,"1,078 ","1,054 ",24 ,12,,,,,,,
2020.12.17,"1,014 ",994 ,20 ,22,,,,,,,
2020.12.18,"1,064 ","1,038 ",26 ,11,,,,,,,
2020.12.19,"1,045 ","1,024 ",21 ,14,,,,,,,
2020.12.20,"1,096 ","1,071 ",25 ,15,,,,,,,
2020.12.21,924 ,891 ,33 ,24,,,,,,,
2020.12.22,866 ,821 ,45 ,24,,,,,,,
2020.12.23,"1,090 ","1,058 ",32 ,17,,,,,,,
2020.12.24,985 ,955 ,30 ,17,,,,,,,
2020.12.25,"1,240 ","1,215 ",25 ,17,,,,,,,
2020.12.26,"1,131 ","1,103 ",28 ,20,,,,,,,
2020.12.27,970 ,946 ,24 ,15,,,,,,,
2020.12.28,806 ,786 ,20 ,11,,,,,,,
2020.12.29,"1,044 ","1,028 ",16 ,40,,,,,,,
2020.12.30,"1,050 ","1,025 ",25 ,20,,,,,,,
2020.12.31,967 ,940 ,27 ,21,,,,,,,
2021.1.1,"1,027 ","1,002 ",25 ,17,,,,,,,
2021.1.2,820 ,784 ,36 ,25,,,,,,,
2021.1.3,657 ,641 ,16 ,20,,,,,,,
2021.1.4,"1,020 ",986 ,34 ,19,,,,,,,
2021.1.5,714 ,672 ,42 ,26,,,,,,,
2021.1.6,838 ,807 ,31 ,20,,,,,,,
2021.1.7,869 ,832 ,37 ,19,,,,,,,
2021.1.8,674 ,632 ,42 ,35,,,,,,,
2021.1.9,641 ,596 ,45 ,19,,,,,,,
2021.1.10,657 ,623 ,34 ,25,,,,,,,
2021.1.11,451 ,419 ,32 ,15,,,,,,,
2021.1.12,537 ,510 ,27 ,25,,,,,,,
2021.1.13,561 ,535 ,26 ,20,,,,,,,
2021.1.14,524 ,496 ,28 ,10,,,,,,,
2021.1.15,512 ,483 ,29 ,22,,,,,,,
2021.1.16,580 ,547 ,33 ,19,,,,,,,
2021.1.17,520 ,500 ,20 ,13,,,,,,,
2021.1.18,389 ,366 ,23 ,15,,,,,,,
2021.1.19,386 ,351 ,35 ,19,,,,,,,
2021.1.20,404 ,373 ,31 ,17,,,,,,,
2021.1.21,400 ,381 ,19 ,16,,,,,,,
2021.1.22,346 ,314 ,32 ,12,,,,,,,
2021.1.23,431 ,403 ,28 ,9,,,,,,,
2021.1.24,392 ,369 ,23 ,12,,,,,,,
2021.1.25,437 ,405 ,32 ,11,,,,,,,
2021.1.26,349 ,333 ,16 ,11,,,,,,,
2021.1.27,559 ,516 ,43 ,7,,,,,,,
2021.1.28,497 ,479 ,18 ,8,,,,,,,
2021.1.29,469 ,445 ,24 ,13,,,,,,,
2021.1.30,456 ,421 ,35 ,15,,,,,,,
2021.1.31,354 ,323 ,31 ,6,,,,,,,
2021.2.1,305 ,285 ,20 ,5,,,,,,,
2021.2.2,336 ,295 ,41 ,10,,,,,,,
2021.2.3,467 ,433 ,34 ,6,,,,,,,
2021.2.4,451 ,429 ,22 ,7,,,,,,,
2021.2.5,370 ,350 ,20 ,11,,,,,,,
2021.2.6,390 ,362 ,28 ,5,,,,,,,
2021.2.7,371 ,325 ,46 ,7,,,,,,,
2021.2.8,288 ,264 ,24 ,3,,,,,,,
2021.2.9,303 ,273 ,30 ,8,,,,,,,
2021.2.10,444 ,414 ,30 ,4,,,,,,,
2021.2.11,504 ,467 ,37 ,10,,,,,,,
2021.2.12,403 ,384 ,19 ,11,,,,,,,
2021.2.13,362 ,345 ,17 ,7,,,,,,,
2021.2.14,326 ,304 ,22 ,8,,,,,,,
2021.2.15,343 ,322 ,21 ,5,,,,,,,
2021.2.16,457 ,429 ,28 ,7,,,,,,,
2021.2.17,621 ,590 ,31 ,4,,,,,,,
2021.2.18,621 ,590 ,31 ,6,,,,,,,
2021.2.19,561 ,533 ,28 ,6,,,,,,,
2021.2.20,448 ,416 ,32 ,3,,,,,,,
2021.2.21,416 ,391 ,25 ,4,,,,,,,
2021.2.22,332 ,313 ,19 ,5,,,,,,,
2021.2.23,356 ,329 ,27 ,11,,,,,,,
2021.2.24,440 ,417 ,23 ,3,,,,,,,
2021.2.25,395 ,368 ,27 ,5,,,,,,,
2021.2.26,387 ,363 ,24 ,4,,,,,,,
2021.2.27,415 ,405 ,10 ,10,,,,,,,
2021.2.28,355 ,333 ,22 ,8,,,,,,,
2021.3.1,355 ,338 ,17 ,2,,,,,,,
2021.3.2,344 ,319 ,25 ,1,,,,,,,
2021.3.3,444 ,426 ,18 ,6,,,,,,,
2021.3.4,424 ,401 ,23 ,7,,,,,,,
2021.3.5,398 ,381 ,17 ,8,,,,,,,
2021.3.6,418 ,404 ,14 ,5,,,,,,,
2021.3.7,416 ,398 ,18 ,2,,,,,,,
2021.3.8,346 ,335 ,11 ,8,,,,,,,
2021.3.9,446 ,427 ,19 ,3,,,,,,,
2021.3.10,470 ,452 ,18 ,3,,,,,,,
2021.3.11,465 ,444 ,21 ,4,,,,,,,
2021.3.12,488 ,467 ,21 ,10,,,,,,,
2021.3.13,490 ,474 ,16 ,5,,,,,,,
2021.3.14,459 ,436 ,23 ,2,,,,,,,
2021.3.15,379 ,367 ,12 ,6,,,,,,,
2021.3.16,363 ,345 ,18 ,3,,,,,,,
2021.3.17,469 ,452 ,17 ,8,,,,,,,
2021.3.18,445 ,427 ,18 ,2,,,,,,,
2021.3.19,463 ,441 ,22 ,2,,,,,,,
2021.3.20,447 ,435 ,12 ,3,,,,,,,
2021.3.21,456 ,437 ,19 ,3,,,,,,,
2021.3.22,415 ,396 ,19 ,1,,,,,,,
2021.3.23,346 ,331 ,15 ,7,,,,,,,
2021.3.24,428 ,411 ,17 ,3,,,,,,,
2021.3.25,430 ,419 ,11 ,2,,,,,,,
2021.3.26,489 ,466 ,23 ,7,,,,,,,
2021.3.27,505 ,490 ,15 ,5,,,,,,,
2021.3.28,481 ,461 ,20 ,1,,,,,,,
2021.3.29,382 ,369 ,13 ,4,,,,,,,
2021.3.30,447 ,429 ,18 ,3,,,,,,,
2021.3.31,506 ,491 ,15 ,2,,,,,,,
2021.4.1,551 ,537 ,14 ,4,,,,,,,
2021.4.2,557 ,532 ,25 ,2,,,,,,,
2021.4.3,543 ,521 ,22 ,3,,,,,,,
2021.4.4,543 ,514 ,29 ,4,,,,,,,
2021.4.5,473 ,449 ,24 ,4,,,,,,,
2021.4.6,477 ,459 ,18 ,4,,,,,,,
2021.4.7,668 ,653 ,15 ,4,,,,,,,
2021.4.8,700 ,674 ,26 ,2,,,,,,,
2021.4.9,671 ,644 ,27 ,6,,,,,,,
2021.4.10,677 ,662 ,15 ,1,,,,,,,
2021.4.11,614 ,594 ,20 ,3,,,,,,,
2021.4.12,587 ,560 ,27 ,2,,,,,,,
2021.4.13,542 ,528 ,14 ,5,,,,,,,
2021.4.14,731 ,714 ,17 ,7,,,,,,,
2021.4.15,698 ,670 ,28 ,6,,,,,,,
2021.4.16,673 ,652 ,21 ,2,,,,,,,
2021.4.17,658 ,630 ,28 ,4,,,,,,,
2021.4.18,671 ,648 ,23 ,3,,,,,,,
2021.4.19,532 ,512 ,20 ,4,,,,,,,
2021.4.20,549 ,529 ,20 ,1,,,,,,,
2021.4.21,731 ,692 ,39 ,4,,,,,,,
2021.4.22,735 ,715 ,20 ,2,,,,,,,
2021.4.23,797 ,758 ,39 ,3,,,,,,,
2021.4.24,785 ,759 ,26 ,1,,,,,,,
2021.4.25,644 ,603 ,41 ,1,,,,,,,
2021.4.26,499 ,469 ,30 ,4,,,,,,,
2021.4.27,512 ,477 ,35 ,3,,,,,,,
2021.4.28,769 ,748 ,21 ,1,,,,,,,
2021.4.29,679 ,648 ,31 ,4,,,,,,,
2021.4.30,661 ,642 ,19 ,3,,,,,,,
2021.5.1,626 ,592 ,34 ,3,,,,,,,
2021.5.2,606 ,585 ,21 ,2,,,,,,,
2021.5.3,488 ,465 ,23 ,1,,,,,,,
2021.5.4,541 ,514 ,27 ,6,,,,,,,
2021.5.5,676 ,651 ,25 ,7,,,,,,,
2021.5.6,574 ,562 ,12 ,4,,,,,,,
2021.5.7,525 ,509 ,16 ,9,,,,,,,
2021.5.8,701 ,672 ,29 ,5,,,,,,,
2021.5.9,564 ,522 ,42 ,9,,,,,,,
2021.5.10,463 ,436 ,27 ,1,,,,,,,
2021.5.11,510 ,483 ,27 ,4,,,,,,,
2021.5.12,634 ,612 ,22 ,5,,,,,,,
2021.5.13,715 ,692 ,23 ,7,,,,,,,
2021.5.14,747 ,729 ,18 ,2,,,,,,,
2021.5.15,681 ,661 ,20 ,3,,,,,,,
2021.5.16,610 ,572 ,38 ,4,,,,,,,
2021.5.17,619 ,597 ,22 ,3,,,,,,,
2021.5.18,528 ,506 ,22 ,1,,,,,,,
2021.5.19,654 ,637 ,17 ,8,,,,,,,
2021.5.20,646 ,619 ,27 ,4,,,,,,,
2021.5.21,561 ,542 ,19 ,6,,,,,,,
2021.5.22,666 ,633 ,33 ,4,,,,,,,
2021.5.23,585 ,570 ,15 ,5,,,,,,,
2021.5.24,530 ,505 ,25 ,3,,,,,,,
2021.5.25,516 ,481 ,35 ,4,,,,,,,
2021.5.26,705 ,684 ,21 ,2,,,,,,,
2021.5.27,629 ,620 ,9 ,3,,,,,,,
2021.5.28,587 ,571 ,16 ,3,,,,,,,
2021.5.29,533 ,505 ,28 ,5,,,,,,,
2021.5.30,480 ,464 ,16 ,6,,,,,,,
2021.5.31,430 ,411 ,19 ,2,,,,,,,
2021.6.1,459 ,449 ,10 ,4,,,,,,,
2021.6.2,677 ,654 ,23 ,2,,,,,,,
2021.6.3,681 ,672 ,9 ,3,,,,,,,
2021.6.4,695 ,674 ,21 ,1,,,,,,,
2021.6.5,744 ,725 ,19 ,2,,,,,,,
2021.6.6,556 ,541 ,15 ,2,,,,,,,
2021.6.7,485 ,454 ,31 ,1,,,,,,,
2021.6.8,454 ,435 ,19 ,1,,,,,,,
2021.6.9,602 ,581 ,21 ,2,,,,,,,
2021.6.10,610 ,593 ,17 ,2,,,,,,,
2021.6.11,556 ,541 ,15 ,2,,,,,,,
2021.6.12,565 ,525 ,40 ,1,,,,,,,
2021.6.13,452 ,419 ,33 ,3,,,,,,,
2021.6.14,399 ,360 ,39 ,3,,,,,,,
2021.6.15,373 ,347 ,26 ,4,,,,,,,
2021.6.16,545 ,522 ,23 ,1,,,,,,,
2021.6.17,540 ,523 ,17 ,1,,,,,,,
2021.6.18,507 ,485 ,22 ,2,,,,,,,
2021.6.19,482 ,456 ,26 ,1,,,,,,,
2021.6.20,429 ,380 ,49 ,5,,,,,,,
2021.6.21,357 ,317 ,40 ,2,,,,,,,
2021.6.22,394 ,350 ,44 ,2,,,,,,,
2021.6.23,645 ,605 ,40 ,1,,,,,,,
2021.6.24,610 ,576 ,34 ,1,,,,,,,
2021.6.25,634 ,602 ,32 ,1,,,,,,,
2021.6.26,668 ,611 ,57 ,3,,,,,,,
2021.6.27,614 ,570 ,44 ,1,,,,,,,
2021.6.28,501 ,472 ,29 ,2,,,,,,,
2021.6.29,595 ,560 ,35 ,2,,,,,,,
2021.6.30,794 ,759 ,35 ,1,,,,,,,
2021.7.1,761 ,711 ,50 ,3,,,,,,,
2021.7.2,825 ,765 ,60 ,3,,,,,,,
2021.7.3,794 ,748 ,46 ,1,,,,,,,
2021.7.4,743 ,662 ,81 ,1,,,,,,,
2021.7.5,711 ,644 ,67 ,2,,,,,,,
2021.7.6,746 ,690 ,56 ,4,,,,,,,
2021.7.7,"1,211 ","1,166 ",45 ,1,,,,,,,
2021.7.8,"1,275 ","1,227 ",48 ,1,,,,,,,
2021.7.9,"1,316 ","1,236 ",80 ,2,,,,,,,
2021.7.10,"1,378 ","1,320 ",58 ,2,,,,,,,
2021.7.11,"1,324 ","1,280 ",44 ,5,,,,,,,
2021.7.12,"1,100 ","1,063 ",37 ,1,,,,,,,
2021.7.13,"1,150 ","1,097 ",53 ,2,,,,,,,
2021.7.14,"1,613 ","1,566 ",47 ,2,,,,,,,
2021.7.15,"1,599 ","1,554 ",45 ,2,,,,,,,
2021.7.16,"1,535 ","1,475 ",60 ,1,,,,,,,
2021.7.17,"1,449 ","1,400 ",49 ,4,,,,,,,
2021.7.18,"1,453 ","1,402 ",51 ,2,,,,,,,
2021.7.19,"1,251 ","1,207 ",44 ,1,,,,,,,
2021.7.20,"1,278 ","1,242 ",36 ,1,,,,,,,
2021.7.21,"1,781 ","1,725 ",56 ,1,,,,,,,
2021.7.22,"1,841 ","1,532 ",309 ,3,,,,,,,
2021.7.23,"1,629 ","1,573 ",56 ,3,,,,,,,
2021.7.24,"1,627 ","1,572 ",55 ,2,,,,,,,
2021.7.25,"1,487 ","1,422 ",65 ,5,,,,,,,
2021.7.26,"1,318 ","1,264 ",54 ,4,,,,,,,
2021.7.27,"1,363 ","1,274 ",89 ,2,,,,,,,
2021.7.28,"1,895 ","1,822 ",73 ,4,,,,,,,
2021.7.29,"1,673 ","1,631 ",42 ,2,,,,,,,
2021.7.30,"1,710 ","1,662 ",48 ,4,,,,,,,
2021.7.31,"1,538 ","1,465 ",73 ,6,,,,,,,
2021.8.1,"1,442 ","1,386 ",56 ,3,,,,,,,
2021.8.2,"1,218 ","1,150 ",68 ,1,,,,,,,
2021.8.3,"1,200 ","1,150 ",50 ,5,,,,,,,
2021.8.4,"1,725 ","1,664 ",61 ,2,,,,,,,
2021.8.5,"1,775 ","1,716 ",59 ,3,,,,,,,
2021.8.6,"1,704 ","1,640 ",64 ,4,,,,,,,
2021.8.7,"1,823 ","1,762 ",61 ,3,,,,,,,
2021.8.8,"1,727 ","1,668 ",59 ,5,,,,,,,
2021.8.9,"1,491 ","1,455 ",36 ,4,,,,,,,
2021.8.10,"1,537 ","1,474 ",63 ,9,,,,,,,
2021.8.11,"2,221 ","2,144 ",77 ,1,,,,,,,
2021.8.12,"1,987 ","1,947 ",40 ,3,,,,,,,
2021.8.13,"1,989 ","1,913 ",76 ,6,,,,,,,
2021.8.14,"1,928 ","1,858 ",70 ,4,,,,,,,
2021.8.15,"1,816 ","1,748 ",68 ,8,,,,,,,
2021.8.16,"1,554 ","1,491 ",63 ,11,,,,,,,
2021.8.17,"1,372 ","1,322 ",50 ,6,,,,,,,
2021.8.18,"1,803 ","1,766 ",37 ,5,,,,,,,
2021.8.19,"2,152 ","2,114 ",38 ,13,,,,,,,
2021.8.20,"2,049 ","1,999 ",50 ,6,,,,,,,
2021.8.21,"1,876 ","1,811 ",65 ,5,,,,,,,
2021.8.22,"1,626 ","1,588 ",38 ,13,,,,,,,
2021.8.23,"1,417 ","1,370 ",47 ,7,,,,,,,
2021.8.24,"1,507 ","1,469 ",38 ,6,,,,,,,
2021.8.25,"2,154 ","2,113 ",41 ,9,,,,,,,
2021.8.26,"1,882 ","1,829 ",53 ,20,,,,,,,
2021.8.27,"1,837 ","1,809 ",28 ,8,,,,,,,
2021.8.28,"1,791 ","1,736 ",55 ,11,,,,,,,
2021.8.29,"1,619 ","1,576 ",43 ,3 ,,,,,,,
2021.8.30,"1,485 ","1,424 ",61 ,5 ,,,,,,,
2021.8.31,"1,369 ","1,331 ",38 ,1 ,,,,,,,
2021.9.1,"2,024 ","1,991 ",33 ,7 ,,,,,,,
2021.9.2,"1,959 ","1,925 ",34 ,11 ,,,,,,,
2021.9.3,"1,708 ","1,674 ",34 ,5 ,,,,,,,
2021.9.4,"1,803 ","1,775 ",28 ,7,,,,,,,
2021.9.5,"1,490 ","1,461 ",29 ,6 ,,,,,,,
2021.9.6,"1,375 ","1,351 ",24 ,6 ,,,,,,,
2021.9.7,"1,597 ","1,563 ",34 ,3 ,,,,,,,
2021.9.8,"2,048 ","2,012 ",36 ,4 ,,,,,,,
2021.9.9,"2,049 ","2,018 ",31 ,9 ,,,,,,,
2021.9.10,"1,892 ","1,857 ",35 ,5 ,,,,,,,
2021.9.11,"1,864 ","1,815 ",49 ,10 ,,,,,,,
2021.9.12,"1,755 ","1,725 ",30 ,1 ,,,,,,,
2021.9.13,"1,433 ","1,409 ",24 ,1 ,,,,,,,
2021.9.14,"1,495 ","1,461 ",34 ,7 ,,,,,,,
2021.9.15,"2,077 ","2,054 ",23 ,13 ,,,,,,,
2021.9.16,"1,942 ","1,920 ",22 ,6 ,,,,,,,
2021.9.17,"2,008 ","1,973 ",35 ,3 ,,,,,,,
2021.9.18,"2,087 ","2,047 ",40 ,5 ,,,,,,,
2021.9.19,"1,909 ","1,870 ",39 ,10 ,,,,,,,
2021.9.20,"1,603 ","1,575 ",28 ,5 ,,,,,,,
2021.9.21,"1,729 ","1,697 ",32 ,4 ,,,,,,,
2021.9.22,"1,720 ","1,703 ",17 ,6 ,,,,,,,
2021.9.23,"1,715 ","1,697 ",18 ,8 ,,,,,,,
2021.9.24,"2,429 ","2,411 ",18 ,7 ,,,,,,,
2021.9.25,"3,268 ","3,240 ",28 ,7 ,,,,,,,
2021.9.26,"2,768 ","2,734 ",34 ,9 ,,,,,,,
2021.9.27,"2,381 ","2,354 ",27 ,6 ,,,,,,,
2021.9.28,"2,287 ","2,268 ",19 ,8 ,,,,,,,
2021.9.29,"2,881 ","2,855 ",26 ,10 ,,,,,,,
2021.9.30,"2,561 ","2,536 ",25 ,7 ,,,,,,,
2021.10.1,"2,483 ","2,449 ",34 ,16 ,,,,,,,
2021.10.2,"2,247 ","2,220 ",27 ,7 ,,,,,,,
2021.10.3,"2,084 ","2,056 ",28 ,3 ,,,,,,,
2021.10.4,"1,670 ","1,650 ",20 ,6 ,,,,,,,
2021.10.5,"1,574 ","1,555 ",19 ,11 ,,,,,,,
2021.10.6,"2,027 ","2,001 ",26 ,12 ,,,,,,,
2021.10.7,"2,425 ","2,398 ",27 ,8 ,,,,,,,
2021.10.8,"2,171 ","2,140 ",31 ,10 ,,,,,,,
2021.10.9,"1,953 ","1,924 ",29 ,6 ,,,,,,,
2021.10.10,"1,594 ","1,560 ",34 ,15 ,,,,,,,
2021.10.11,"1,297 ","1,284 ",13 ,8 ,,,,,,,
2021.10.12,"1,346 ","1,333 ",13 ,11 ,,,,,,,
2021.10.13,"1,582 ","1,569 ",13 ,11 ,,,,,,,
2021.10.14,"1,938 ","1,923 ",15 ,13 ,,,,,,,
2021.10.15,"1,683 ","1,669 ",14 ,8 ,,,,,,,
2021.10.16,"1,616 ","1,592 ",24 ,18 ,,,,,,,
2021.10.17,"1,420 ","1,403 ",17 ,16 ,,,,,,,
2021.10.18,"1,049 ","1,030 ",19 ,8 ,,,,,,,
2021.10.19,"1,073 ","1,048 ",25 ,21 ,,,,,,,
2021.10.20,"1,571 ","1,556 ",15 ,9 ,,,,,,,
2021.10.21,"1,441 ","1,430 ",11 ,11 ,,,,,,,
2021.10.22,"1,437 ","1,417 ",20 ,16 ,,,,,,,
2021.10.23,"1,508 ","1,487 ",21 ,20 ,,,,,,,
2021.10.24,"1,422 ","1,394 ",28 ,21 ,,,,,,,
2021.10.25,"1,190 ","1,167 ",23 ,7 ,,,,,,,
2021.10.26,"1,265 ","1,245 ",20 ,15 ,,,,,,,
2021.10.27,"1,952 ","1,931 ",21 ,9 ,,,,,,,
2021.10.28,"2,110 ","2,094 ",16 ,11 ,,,,,,,
2021.10.29,"2,122 ","2,092 ",30 ,9 ,,,,,,,
2021.10.30,"2,102 ","2,087 ",15 ,13 ,,,,,,,
2021.10.31,"2,061 ","2,052 ",9 ,19 ,,,,,,,
2021.11.1,"1,684 ","1,664 ",20 ,9 ,,,,,,,
2021.11.2,"1,589 ","1,578 ",11 ,16 ,,,,,,,
2021.11.3,"2,665 ","2,638 ",27 ,18 ,,,,,,,
2021.11.4,"2,482 ","2,457 ",25 ,24 ,,,,,,,
2021.11.5,"2,342 ","2,322 ",20 ,20 ,,,,,,,
2021.11.6,"2,246 ","2,217 ",29 ,20 ,,,,,,,
2021.11.7,"2,224 ","2,204 ",20 ,11 ,,,,,,,
2021.11.8,"1,758 ","1,731 ",27 ,13 ,,,,,,,
2021.11.9,"1,715 ","1,698 ",17 ,18 ,,,,,,,
2021.11.10,"2,424 ","2,408 ",16 ,14 ,,,,,,,
2021.11.11,"2,519 ","2,493 ",26 ,21 ,,,,,,,
2021.11.12,"2,368 ","2,358 ",10 ,18 ,,,,,,,
2021.11.13,"2,324 ","2,310 ",14 ,32 ,,,,,,,
2021.11.14,"2,417 ","2,399 ",18 ,20 ,,,,,,,
2021.11.15,"2,003 ","1,983 ",20 ,12 ,,,,,,,
2021.11.16,"2,124 ","2,109 ",15 ,22 ,,,,,,,
2021.11.17,"3,184 ","3,161 ",23 ,21 ,,,,,,,
2021.11.18,"3,292 ","3,272 ",20 ,29 ,,,,,,,
2021.11.19,"3,033 ","3,010 ",23 ,28 ,,,,,,,
2021.11.20,"3,203 ","3,186 ",17 ,29 ,,,,,,,
2021.11.21,"3,119 ","3,095 ",24 ,30 ,,,,,,,
2021.11.22,"2,826 ","2,806 ",20 ,24 ,,,,,,,
2021.11.23,"2,697 ","2,683 ",14 ,30 ,,,,,,,
2021.11.24,"4,115 ","4,087 ",28 ,34 ,,,,,,,
2021.11.25,"3,937 ","3,916 ",21 ,39 ,,,,,,,
2021.11.26,"3,895 ","3,877 ",18 ,39 ,,,,,,,
2021.11.27,"4,067 ","4,044 ",23 ,52 ,,,,,,,
2021.11.28,"3,925 ","3,890 ",35 ,56 ,,,,,,,
2021.11.29,"3,307 ","3,284 ",23 ,32 ,,,,,,,
2021.11.30,"3,032 ","3,003 ",29 ,44 ,,,,,,,
2021.12.1,"5,120 ","5,072 ",48 ,34 ,,,,,,,
2021.12.2,"5,262 ","5,238 ",24 ,47 ,,,,,,,
2021.12.3,"4,943 ","4,922 ",21 ,34 ,,,,,,,
2021.12.4,"5,352 ","5,327 ",25 ,70 ,,,,,,,
2021.12.5,"5,124 ","5,101 ",23 ,43 ,,,,,,,
2021.12.6,"4,324 ","4,295 ",29 ,41 ,,,,,,,
2021.12.7,"4,952 ","4,922 ",30 ,64 ,,,,,,,
2021.12.8,"7,173 ","7,139 ",34 ,63 ,,,,,,,
2021.12.9,"7,101 ","7,081 ",20 ,57 ,,,,,,,
2021.12.10,"7,020 ","6,981 ",39 ,53 ,,,,,,,
2021.12.11,"6,972 ","6,946 ",26 ,80 ,,,,,,,
2021.12.12,"6,683 ","6,655 ",28 ,42 ,,,,,,,
2021.12.13,"5,816 ","5,781 ",35 ,40 ,,,,,,,
2021.12.14,"5,565 ","5,523 ",42 ,94 ,,,,,,,
2021.12.15,"7,848 ","7,825 ",23 ,70 ,,,,,,,
2021.12.16,"7,618 ","7,587 ",31 ,62 ,,,,,,,
2021.12.17,"7,434 ","7,398 ",36 ,73 ,,,,,,,
2021.12.18,"7,310 ","7,281 ",29 ,53 ,,,,,,,
2021.12.19,"6,232 ","6,169 ",63 ,78 ,,,,,,,
2021.12.20,"5,315 ","5,255 ",60 ,54 ,,,,,,,
2021.12.21,"5,194 ","5,136 ",58 ,52 ,,,,,,,
2021.12.22,"7,454 ","7,363 ",91 ,78 ,,,,,,,
2021.12.23,"6,914 ","6,853 ",61 ,109 ,,,,,,,
2021.12.24,"6,232 ","6,162 ",70 ,56 ,,,,,,,
2021.12.25,"5,838 ","5,764 ",74 ,105 ,,,,,,,
2021.12.26,"5,415 ","5,335 ",80 ,69 ,,,,,,,
2021.12.27,"4,204 ","4,121 ",83 ,55 ,,,,,,,
2021.12.28,"3,864 ","3,776 ",88 ,46 ,,,,,,,
2021.12.29,"5,405 ","5,279 ",126 ,36 ,,,,,,,
2021.12.30,"5,034 ","4,929 ",105 ,73 ,,,,,,,
2021.12.31,"4,872 ","4,755 ",117 ,108 ,,,,,,,
2022.1.1,"4,414 ","4,309 ",105 ,62 ,,,,,,,
2022.1.2,"3,830 ","3,680 ",150 ,69 ,,,,,,,
2022.1.3,"3,124 ","2,989 ",135 ,36 ,,,,,,,
2022.1.4,"3,020 ","2,887 ",133 ,51 ,,,,,,,
2022.1.5,"4,441 ","4,231 ",210 ,57 ,,,,,,,
2022.1.6,"4,120 ","3,928 ",192 ,49 ,,,,,,,
2022.1.7,"3,711 ","3,526 ",185 ,45 ,,,,,,,
2022.1.8,"3,503 ","3,293 ",210 ,54 ,,,,,,,
2022.1.9,"3,369 ","3,136 ",233 ,51 ,,,,,,,
2022.1.10,"3,004 ","2,766 ",238 ,34 ,,,,,,,
2022.1.11,"3,094 ","2,810 ",284 ,43 ,,,,,,,
2022.1.12,"4,382 ","4,005 ",377 ,52 ,,,,,,,
2022.1.13,"4,160 ","3,775 ",385 ,44 ,,,,,,,
2022.1.14,"4,537 ","4,131 ",406 ,49 ,,,,,,,
2022.1.15,"4,418 ","4,073 ",345 ,22 ,,,,,,,
2022.1.16,"4,186 ","3,811 ",375 ,29 ,,,,,,,
2022.1.17,"3,853 ","3,549 ",304 ,23 ,,,,,,,
2022.1.18,"4,067 ","3,761 ",306 ,45 ,,,,,,,
2022.1.19,"5,804 ","5,430 ",374 ,74 ,,,,,,,
2022.1.20,"6,599 ","6,355 ",244 ,28 ,,,,,,,
2022.1.21,"6,763 ","6,478 ",285 ,21 ,,,,,,,
2022.1.22,"6,999 ","6,725 ",274 ,28 ,,,,,,,
2022.1.23,"7,624 ","7,340 ",284 ,11 ,,,,,,,
2022.1.24,"7,510 ","7,157 ",353 ,25 ,,,,,,,
2022.1.25,"8,568 ","8,354 ",214 ,23 ,,,,,,,
2022.1.26,"13,002 ","12,734 ",268 ,32 ,,,,,,,
2022.1.27,"14,514 ","14,297 ",217 ,34 ,,,,,,,
2022.1.28,"16,089 ","15,888 ",201 ,24 ,,,,,,,
2022.1.29,"17,505 ","17,316 ",189 ,34 ,,,,,,,
2022.1.30,"17,520 ","17,295 ",225 ,20 ,,,,,,,
2022.1.31,"17,071 ","16,841 ",230 ,23 ,,,,,,,
2022.2.1,"18,332 ","18,113 ",219 ,17 ,,,,,,,
2022.2.2,"20,267 ","20,105 ",162 ,15 ,,,,,,,
2022.2.3,"22,836 ","22,702 ",134 ,25 ,,,,,,,
2022.2.4,"27,432 ","27,276 ",156 ,24 ,,,,,,,
2022.2.5,"36,323 ","36,141 ",182 ,22 ,,,,,,,
2022.2.6,"38,683 ","38,492 ",191 ,15 ,,,,,,,
2022.2.7,"35,268 ","35,120 ",148 ,13 ,,,,,,,
2022.2.8,"36,708 ","36,608 ",100 ,36 ,,,,,,,
2022.2.9,"49,539 ","49,373 ",166 ,21 ,,,,,,,
2022.2.10,"54,115 ","54,028 ",87 ,20 ,,,,,,,
2022.2.11,"53,886 ","53,775 ",111 ,49 ,,,,,,,
2022.2.12,"54,931 ","54,820 ",111 ,33 ,,,,,,,
2022.2.13,"56,397 ","56,268 ",129 ,36 ,,,,,,,
2022.2.14,"54,554 ","54,449 ",105 ,21 ,,,,,,,
2022.2.15,"57,163 ","56,995 ",168 ,61 ,,,,,,,
2022.2.16,"90,433 ","90,270 ",163 ,39 ,,,,,,,
2022.2.17,"93,119 ","93,028 ",91 ,36 ,,,,,,,
2022.2.18,"109,803 ","109,688 ",115 ,45 ,,,,,,,
2022.2.19,"102,192 ","102,053 ",139 ,71 ,,,,,,,
2022.2.20,"104,815 ","104,716 ",99 ,51 ,,,,,,,
2022.2.21,"95,350 ","95,205 ",145 ,45 ,,,,,,,
2022.2.22,"99,556 ","99,426 ",130 ,58 ,,,,,,,
2022.2.23,"171,430 ","171,249 ",181 ,99 ,,,,,,,
2022.2.24,"169,995 ","169,826 ",169 ,82 ,,,,,,,
2022.2.25,"165,879 ","165,739 ",140 ,94 ,,,,,,,
2022.2.26,"166,189 ","166,047 ",142 ,112 ,,,,,,,
2022.2.27,"163,550 ","163,397 ",153 ,49 ,,,,,,,
2022.2.28,"139,620 ","139,459 ",161 ,114 ,,,,,,,
2022.3.1,"138,980 ","138,921 ",59 ,112 ,,,,,,,
2022.3.2,"219,214 ","219,145 ",69 ,96 ,,,,,,,
2022.3.3,"198,794 ","198,739 ",55 ,128 ,,,,,,,
2022.3.4,"266,839 ","266,757 ",82 ,185 ,,,,,,,
2022.3.5,"254,316 ","254,238 ",78 ,216 ,,,,,,,
2022.3.6,"243,611 ","243,523 ",88 ,161 ,,,,,,,
2022.3.7,"210,693 ","210,603 ",90 ,139 ,,,,,,,
2022.3.8,"202,694 ","202,619 ",75 ,186 ,,,,,,,
2022.3.9,"342,420 ","342,360 ",60 ,158 ,,,,,,,
2022.3.10,"327,514 ","327,457 ",57 ,206 ,,,,,,,
2022.3.11,"282,966 ","282,859 ",107 ,229 ,,,,,,,
2022.3.12,"383,634 ","383,560 ",74 ,269 ,,,,,,,
2022.3.13,"350,150 ","350,115 ",35 ,251 ,,,,,,,
2022.3.14,"309,764 ","309,702 ",62 ,200 ,,,,,,,
2022.3.15,"362,249 ","362,194 ",55 ,293 ,,,,,,,
2022.3.16,"400,524 ","400,448 ",76 ,164 ,,,,,,,
2022.3.17,"621,129 ","621,071 ",58 ,429 ,,,,,,,
2022.3.18,"406,824 ","406,785 ",39 ,301 ,,,,,,,
2022.3.19,"381,363 ","381,300 ",63 ,319 ,,,,,,,
2022.3.20,"334,588 ","334,564 ",24 ,327 ,,,,,,,
2022.3.21,"209,114 ","209,074 ",40 ,329 ,,,,,,,
2022.3.22,"353,877 ","353,832 ",45 ,384 ,,,,,,,
2022.3.23,"490,753 ","490,708 ",45 ,291 ,,,,,,,
2022.3.24,"395,517 ","395,450 ",67 ,469 ,,,,,,,
2022.3.25,"339,450 ","339,421 ",29 ,393 ,,,,,,,
2022.3.26,"335,510 ","335,461 ",49 ,323 ,,,,,,,
2022.3.27,"318,052 ","318,007 ",45 ,282 ,,,,,,,
2022.3.28,"187,166 ","187,136 ",30 ,287 ,,,,,,,
2022.3.29,"347,465 ","347,424 ",41 ,237 ,,,,,,,
2022.3.30,"424,555 ","424,523 ",32 ,432 ,,,,,,,
2022.3.31,"320,680 ","320,655 ",25 ,375 ,,,,,,,
2022.4.1,"280,233 ","280,180 ",53 ,360 ,,,,,,,
2022.4.2,"264,143 ","264,077 ",66 ,339 ,,,,,,,
2022.4.3,"234,249 ","234,224 ",25 ,306 ,,,,,,,
2022.4.4,"127,162 ","127,142 ",20 ,218 ,,,,,,,
2022.4.5,"266,092 ","266,056 ",36 ,209 ,,,,,,,
2022.4.6,"286,256 ","286,233 ",23 ,371 ,,,,,,,
2022.4.7,"224,783 ","224,742 ",41 ,348 ,,,,,,,
2022.4.8,"205,307 ","205,270 ",37 ,373 ,,,,,,,
2022.4.9,"185,532 ","185,485 ",47 ,338 ,,,,,,,
2022.4.10,"164,451 ","164,419 ",32 ,329 ,,,,,,,
2022.4.11,"90,908 ","90,882 ",26 ,258 ,,,,,,,
2022.4.12,"210,722 ","210,675 ",47 ,171 ,,,,,,,
2022.4.13,"195,385 ","195,345 ",40 ,184 ,,,,,,,
2022.4.14,"148,421 ","148,386 ",35 ,318 ,,,,,,,
2022.4.15,"125,821 ","125,804 ",17 ,264 ,,,,,,,
2022.4.16,"107,891 ","107,860 ",31 ,273 ,,,,,,,
2022.4.17,"92,970 ","92,948 ",22 ,203 ,,,,,,,
2022.4.18,"47,724 ","47,710 ",14 ,132 ,,,,,,,
2022.4.19,"118,471 ","118,443 ",28 ,130 ,,,,,,,
2022.4.20,"111,290 ","111,274 ",16 ,166 ,,,,,,,
2022.4.21,"90,846 ","90,811 ",35 ,147,,,,,,,
2022.4.22,"81,041 ","81,022 ",19 ,206,,,,,,,
2022.4.23,"75,420 ","75,385 ",35 ,151,,,,,,,
2022.4.24,"64,692 ","64,655 ",37 ,109,,,,,,,
2022.4.25,"34,361 ","34,322 ",39 ,110,,,,,,,
2022.4.26,"80,338 ","80,313 ",25 ,82,,,,,,,
2022.4.27,"76,761 ","76,722 ",39 ,141,,,,,,,
2022.4.28,"57,452 ","57,427 ",25 ,122,,,,,,,
2022.4.29,"50,554 ","50,523 ",31 ,136,,,,,,,
2022.4.30,"43,273 ","43,255 ",18 ,70,,,,,,,
2022.5.1,"37,757 ","37,720 ",37 ,81,,,,,,,
2022.5.2,"20,072 ","20,045 ",27 ,83,,,,,,,
2022.5.3,"51,115 ","51,071 ",44 ,49,,,,,,,
2022.5.4,"49,050 ","49,016 ",34 ,72,,,,,,,
2022.5.5,"42,286 ","42,258 ",28 ,79,,,,,,,
2022.5.6,"26,699 ","26,671 ",28 ,48,,,,,,,
2022.5.7,"39,590 ","39,563 ",27 ,83,,,,,,,
2022.5.8,"40,046 ","40,030 ",16 ,71,,,,,,,
2022.5.9,"20,585 ","20,569 ",16 ,40,,,,,,,
2022.5.10,"49,919 ","49,896 ",23 ,62,,,,,,,
2022.5.11,"43,908 ","43,871 ",37 ,29,,,,,,,
2022.5.12,"35,894 ","35,880 ",14 ,63,,,,,,,
2022.5.13,"32,437 ","32,423 ",14 ,52,,,,,,,
2022.5.14,"29,576 ","29,550 ",26 ,55,,,,,,,
2022.5.15,"25,423 ","25,397 ",26 ,48,,,,,,,
2022.5.16,"13,289 ","13,262 ",27 ,35,,,,,,,
2022.5.17,"35,104 ","35,078 ",26 ,27,,,,,,,
2022.5.18,"31,338 ","31,303 ",35 ,31,,,,,,,
2022.5.19,"28,122 ","28,108 ",14 ,40,,,,,,,
2022.5.20,"25,119 ","25,097 ",22 ,43,,,,,,,
2022.5.21,"23,455 ","23,443 ",12 ,26,,,,,,,
2022.5.22,"19,287 ","19,262 ",25 ,54,,,,,,,
2022.5.23,"9,971 ","9,953 ",18 ,22,,,,,,,
2022.5.24,"26,338 ","26,295 ",43 ,19,,,,,,,
2022.5.25,"23,945 ","23,924 ",21 ,23,,,,,,,
2022.5.26,"18,805 ","18,772 ",33 ,34,,,,,,,
2022.5.27,"16,574 ","16,528 ",46 ,40,,,,,,,
2022.5.28,"14,393 ","14,348 ",45 ,36,,,,,,,
2022.5.29,"12,646 ","12,620 ",26 ,19,,,,,,,
2022.5.30,"6,133 ","6,086 ",47 ,9,,,,,,,
2022.5.31,"17,182 ","17,139 ",43 ,9,,,,,,,
2022.6.1,"15,787 ","15,740 ",47 ,21,,,,,,,
2022.6.2,"9,886 ","9,853 ",33 ,15,,,,,,,
2022.6.3,"12,534 ","12,499 ",35 ,17,,,,,,,
2022.6.4,"12,036 ","11,994 ",42 ,9,,,,,,,
2022.6.5,"9,828 ","9,781 ",47 ,20,,,,,,,
2022.6.6,"5,015 ","4,998 ",17 ,21,,,,,,,
2022.6.7,"6,171 ","6,135 ",36 ,20,,,,,,,
2022.6.8,"13,353 ","13,292 ",61 ,6,,,,,,,
2022.6.9,"12,149 ","12,083 ",66 ,18,,,,,,,
2022.6.10,"9,307 ","9,258 ",49 ,18,,,,,,,
2022.6.11,"8,435 ","8,372 ",63 ,10,,,,,,,
2022.6.12,"7,376 ","7,296 ",80 ,20,,,,,,,
2022.6.13,"3,817 ","3,761 ",56 ,17,,,,,,,
2022.6.14,"9,768 ","9,726 ",42 ,2,,,,,,,
2022.6.15,"9,426 ","9,322 ",104 ,9,,,,,,,
2022.6.16,"7,979 ","7,893 ",86 ,8,,,,,,,
2022.6.17,"7,191 ","7,122 ",69 ,9,,,,,,,
2022.6.18,"6,821 ","6,744 ",77 ,11,,,,,,,
2022.6.19,"6,063 ","5,980 ",83 ,14,,,,,,,
2022.6.20,"3,531 ","3,437 ",94 ,10,,,,,,,
2022.6.21,"9,299 ","9,226 ",73 ,12,,,,,,,
2022.6.22,"8,974 ","8,872 ",102 ,11,,,,,,,
2022.6.23,"7,492 ","7,401 ",91 ,14,,,,,,,
2022.6.24,"7,218 ","7,105 ",113 ,10,,,,,,,
2022.6.25,"6,779 ","6,666 ",113 ,18,,,,,,,
2022.6.26,"6,236 ","6,100 ",136 ,6,,,,,,,
2022.6.27,"3,419 ","3,308 ",111 ,3,,,,,,,
2022.6.28,"9,889 ","9,770 ",119 ,5,,,,,,,
2022.6.29,"10,447 ","10,243 ",204 ,7,,,,,,,
2022.6.30,"9,590 ","9,445 ",145 ,10,,,,,,,
2022.7.1,"9,514 ","9,376 ",138 ,8,,,,,,,
2022.7.2,"10,708 ","10,536 ",172 ,7,,,,,,,
2022.7.3,"10,037 ","9,851 ",186 ,8,,,,,,,
2022.7.4,"6,241 ","6,080 ",161 ,4,,,,,,,
2022.7.5,"18,125 ","17,961 ",164 ,2,,,,,,,
2022.7.6,"19,352 ","19,126 ",226 ,7,,,,,,,
2022.7.7,"18,494 ","18,297 ",197 ,10,,,,,,,
2022.7.8,"19,294 ","19,107 ",187 ,12,,,,,,,
2022.7.9,"20,259 ","20,040 ",219 ,19,,,,,,,
2022.7.10,"20,383 ","20,136 ",247 ,19,,,,,,,
2022.7.11,"12,671 ","12,500 ",171 ,18,,,,,,,
2022.7.12,"37,332 ","37,081 ",251 ,7,,,,,,,
2022.7.13,"40,240 ","39,856 ",384 ,12,,,,,,,
2022.7.14,"39,154 ","38,831 ",323 ,16,,,,,,,
2022.7.15,"38,856 ","38,596 ",260 ,16,,,,,,,
2022.7.16,"41,290 ","41,015 ",275 ,16,,,,,,,
2022.7.17,"40,312 ","40,018 ",294 ,14,,,,,,,
2022.7.18,"26,273 ","25,957 ",316 ,11,,,,,,,
2022.7.19,"73,536 ","73,190 ",346 ,12,,,,,,,
2022.7.20,"76,350 ","75,931 ",419 ,12,,,,,,,
2022.7.21,"71,128 ","70,816 ",312 ,17,,,,,,,
2022.7.22,"68,587 ","68,269 ",318 ,31,,,,,,,
2022.7.23,"68,523 ","68,228 ",295 ,30,,,,,,,
2022.7.24,"65,364 ","65,051 ",313 ,18,,,,,,,
2022.7.25,"35,848 ","35,512 ",336 ,17,,,,,,,
2022.7.26,"99,211 ","98,861 ",350 ,17,,,,,,,
2022.7.27,"100,222 ","99,690 ",532 ,25,,,,,,,
2022.7.28,"88,335 ","87,919 ",416 ,25,,,,,,,
2022.7.29,"85,271 ","84,841 ",430 ,35,,,,,,,
2022.7.30,"81,931 ","81,541 ",390 ,35,,,,,,,
2022.7.31,"73,552 ","73,206 ",346 ,20,,,,,,,
2022.8.1,"44,635 ","44,194 ",441 ,21,,,,,,,
2022.8.2,"111,743 ","111,179 ",564 ,16,,,,,,,
2022.8.3,"119,861 ","119,273 ",588 ,26,,,,,,,
2022.8.4,"107,844 ","107,417 ",427 ,34,,,,,,,
2022.8.5,"112,825 ","112,339 ",486 ,47,,,,,,,
2022.8.6,"110,622 ","110,053 ",569 ,45,,,,,,,
2022.8.7,"105,454 ","104,975 ",479 ,27,,,,,,,
2022.8.8,"55,242 ","54,768 ",474 ,29,,,,,,,
2022.8.9,"149,847 ","149,267 ",580 ,40,,,,,,,
2022.8.10,"151,719 ","151,113 ",606 ,50,,,,,,,
2022.8.11,"137,160 ","136,654 ",506 ,59,,,,,,,
2022.8.12,"128,652 ","128,195 ",457 ,58,,,,,,,
2022.8.13,"124,536 ","124,070 ",466 ,67,,,,,,,
2022.8.14,"119,524 ","119,073 ",451 ,57,,,,,,,
2022.8.15,"62,045 ","61,654 ",391 ,50,,,,,,,
2022.8.16,"84,091 ","83,632 ",459 ,37,,,,,,,
2022.8.17,"180,745 ","180,183 ",562 ,42,,,,,,,
2022.8.18,"178,501 ","177,872 ",629 ,61,,,,,,,
2022.8.19,"138,766 ","138,303 ",463 ,83,,,,,,,
2022.8.20,"129,350 ","128,862 ",488 ,84,,,,,,,
2022.8.21,"110,903 ","110,508 ",395 ,64,,,,,,,
2022.8.22,"59,014 ","58,612 ",402 ,65,,,,,,,
2022.8.23,"150,198 ","149,705 ",493 ,52,,,,,,,
2022.8.24,"139,290 ","138,836 ",454 ,63,,,,,,,
2022.8.25,"113,343 ","112,975 ",368 ,108,,,,,,,
2022.8.26,"101,110 ","100,755 ",355 ,81,,,,,,,
2022.8.27,"95,565 ","95,172 ",393 ,86,,,,,,,
2022.8.28,"85,230 ","84,866 ",364 ,70,,,,,,,
2022.8.29,"43,110 ","42,754 ",356 ,49,,,,,,,
2022.8.30,"115,610 ","115,229 ",381 ,71,,,,,,,
2022.8.31,"103,913 ","103,456 ",457 ,75,,,,,,,
2022.9.1,"81,553 ","81,256 ",297 ,112,,,,,,,
2022.9.2,"89,552 ","89,229 ",323 ,64,,,,,,,
2022.9.3,"79,709 ","79,387 ",322 ,74,,,,,,,
2022.9.4,"72,112 ","71,875 ",237 ,79,,,,,,,
2022.9.5,"37,524 ","37,244 ",280 ,56,,,,,,,
2022.9.6,"99,813 ","99,535 ",278 ,44,,,,,,,
2022.9.7,"85,504 ","85,169 ",335 ,56,,,,,,,
2022.9.8,"72,620 ","72,401 ",219 ,64,,,,,,,
2022.9.9,"69,391 ","69,116 ",275 ,68,,,,,,,
2022.9.10,"42,694 ","42,461 ",233 ,48,,,,,,,
2022.9.11,"28,193 ","27,967 ",226 ,47,,,,,,,
2022.9.12,"36,917 ","36,715 ",202 ,22,,,,,,,
2022.9.13,"57,276 ","57,009 ",267 ,35,,,,,,,
2022.9.14,"93,949 ","93,637 ",312 ,60,,,,,,,
2022.9.15,"71,444 ","71,098 ",346 ,72,,,,,,,
2022.9.16,"51,848 ","51,506 ",342 ,60,,,,,,,
2022.9.17,"43,430 ","43,153 ",277 ,57,,,,,,,
2022.9.18,"34,735 ","34,499 ",236 ,46,,,,,,,
2022.9.19,"19,382 ","19,103 ",279 ,39,,,,,,,
2022.9.20,"47,889 ","47,575 ",314 ,24,,,,,,,
2022.9.21,"41,264 ","40,942 ",322 ,59,,,,,,,
2022.9.22,"32,990 ","32,735 ",255 ,59,,,,,,,
2022.9.23,"29,091 ","28,790 ",301 ,68,,,,,,,
2022.9.24,"29,329 ","29,033 ",296 ,63,,,,,,,
2022.9.25,"25,766 ","25,521 ",245 ,73,,,,,,,
2022.9.26,"14,152 ","13,936 ",216 ,33,,,,,,,
2022.9.27,"39,401 ","39,099 ",302 ,26,,,,,,,
2022.9.28,"36,131 ","35,756 ",375 ,46,,,,,,,
2022.9.29,"30,857 ","30,611 ",246 ,46,,,,,,,
2022.9.30,"28,487 ","28,213 ",274 ,42,,,,,,,
2022.10.1,"26,946 ","26,649 ",297 ,39,,,,,,,
2022.10.2,"23,575 ","23,334 ",241 ,44,,,,,,,
2022.10.3,"12,141 ","12,010 ",131 ,20,,,,,,,
2022.10.4,"16,413 ","16,307 ",106 ,19,,,,,,,
2022.10.5,"34,725 ","34,656 ",69 ,16,,,,,,,
2022.10.6,"28,634 ","28,552 ",82 ,29,,,,,,,
2022.10.7,"22,286 ","22,232 ",54 ,41,,,,,,,
2022.10.8,"19,421 ","19,361 ",60 ,32,,,,,,,
2022.10.9,"17,646 ","17,585 ",61 ,29,,,,,,,
2022.10.10,"8,974 ","8,927 ",47 ,23,,,,,,,
2022.10.11,"15,465 ","15,370 ",95 ,10,,,,,,,
2022.10.12,"30,516 ","30,446 ",70 ,15,,,,,,,
2022.10.13,"26,936 ","26,869 ",67 ,25,,,,,,,
2022.10.14,"23,572 ","23,512 ",60 ,35,,,,,,,
2022.10.15,"22,829 ","22,776 ",53 ,25,,,,,,,
2022.10.16,"21,454 ","21,367 ",87 ,32,,,,,,,
2022.10.17,"11,024 ","10,943 ",81 ,10,,,,,,,
2022.10.18,"33,218 ","33,131 ",87 ,6,,,,,,,
2022.10.19,"29,492 ","29,420 ",72 ,43,,,,,,,
2022.10.20,"25,375 ","25,322 ",53 ,23,,,,,,,
2022.10.21,"24,731 ","24,673 ",58 ,30,,,,,,,
2022.10.22,"26,892 ","26,844 ",48 ,22,,,,,,,
2022.10.23,"26,234 ","26,168 ",66 ,16,,,,,,,
2022.10.24,"14,296 ","14,242 ",54 ,10,,,,,,,
2022.10.25,"43,738 ","43,666 ",72 ,17,,,,,,,
2022.10.26,"40,816 ","40,736 ",80 ,26,,,,,,,
2022.10.27,"34,973 ","34,918 ",55 ,26,,,,,,,
2022.10.28,"35,913 ","35,853 ",60 ,30,,,,,,,
2022.10.29,"37,310 ","37,254 ",56 ,31,,,,,,,
2022.10.30,"34,491 ","34,445 ",46 ,27,,,,,,,
2022.10.31,"18,503 ","18,447 ",56 ,18,,,,,,,
2022.11.1,"58,360 ","58,292 ",68 ,33,,,,,,,
2022.11.2,"54,733 ","54,656 ",77 ,30,,,,,,,
2022.11.3,"46,880 ","46,825 ",55 ,41,,,,,,,
2022.11.4,"43,436 ","43,386 ",50 ,35,,,,,,,
2022.11.5,"40,893 ","40,837 ",56 ,41,,,,,,,
2022.11.6,"36,665 ","36,599 ",66 ,18,,,,,,,
2022.11.7,"18,665 ","18,605 ",60 ,18,,,,,,,
2022.11.8,"62,259 ","62,207 ",52 ,30,,,,,,,
2022.11.9,"62,466 ","62,424 ",42 ,59,,,,,,,
2022.11.10,"55,348 ","55,298 ",50 ,52,,,,,,,
2022.11.11,"54,498 ","54,449 ",49 ,40,,,,,,,
2022.11.12,"54,309 ","54,251 ",58 ,46,,,,,,,
2022.11.13,"48,442 ","48,389 ",53 ,48,,,,,,,
2022.11.14,"23,748 ","23,694 ",54 ,44,,,,,,,
2022.11.15,"72,864 ","72,814 ",50 ,39,,,,,,,
2022.11.16,"66,567 ","66,500 ",67 ,47,,,,,,,
2022.11.17,"55,418 ","55,379 ",39 ,67,,,,,,,
2022.11.18,"49,399 ","49,333 ",66 ,63,,,,,,,
2022.11.19,"50,568 ","50,518 ",50 ,65,,,,,,,
2022.11.20,"45,998 ","45,940 ",58 ,41,,,,,,,
2022.11.21,"23,077 ","23,016 ",61 ,35,,,,,,,
2022.11.22,"72,860 ","72,779 ",81 ,45,,,,,,,
2022.11.23,"70,306 ","70,237 ",69 ,53,,,,,,,
2022.11.24,"59,082 ","59,027 ",55 ,59,,,,,,,
2022.11.25,"53,698 ","53,659 ",39 ,55,,,,,,,
2022.11.26,"52,788 ","52,726 ",62 ,52,,,,,,,
누적(명),"26,890,488 ","26,819,311 ","71,177 ","30,330 ",,,,,,,